{
    "0": 0,
    "1": 0,
    "2": 0,
    "3": 0,
    "4": 0,
    "5": 0,
    "6": 0,
    "7": 0,
    "8": 0,
    "9": 0,
    "10": 0,
    "11": 0,
    "12": 0,
    "13": 0,
    "14": 0,
    "15": 61.138461538461534,
    "16": 61.138461538461534,
    "17": 61.138461538461534,
    "18": 61.138461538461534,
    "19": 61.138461538461534,
    "20": 61.138461538461534,
    "21": 61.138461538461534,
    "22": 61.138461538461534,
    "23": 61.138461538461534,
    "24": 61.138461538461534,
    "25": 84.30000000000001,
    "26": 84.30000000000001,
    "27": 84.30000000000001,
    "28": 84.30000000000001,
    "29": 84.30000000000001,
    "30": 84.30000000000001,
    "31": 84.30000000000001,
    "32": 84.30000000000001,
    "33": 84.30000000000001,
    "34": 84.30000000000001,
    "35": 84.30000000000001,
    "36": 84.30000000000001,
    "37": 84.30000000000001,
    "38": 84.30000000000001,
    "39": 84.30000000000001,
    "40": 84.30000000000001,
    "41": 84.30000000000001,
    "42": 84.30000000000001,
    "43": 84.30000000000001,
    "44": 84.30000000000001,
    "45": 52.99230769230769,
    "46": 52.99230769230769,
    "47": 52.99230769230769,
    "48": 52.99230769230769,
    "49": 52.99230769230769,
    "50": 52.99230769230769,
    "51": 52.99230769230769,
    "52": 52.99230769230769,
    "53": 52.99230769230769,
    "54": 52.99230769230769,
    "55": 52.99230769230769,
    "56": 52.99230769230769,
    "57": 52.99230769230769,
    "58": 52.99230769230769,
    "59": 52.99230769230769,
    "60": 52.99230769230769,
    "61": 52.99230769230769,
    "62": 52.99230769230769,
    "63": 52.99230769230769,
    "64": 52.99230769230769,
    "65": 52.99230769230769,
    "66": 52.99230769230769,
    "67": 52.99230769230769,
    "68": 52.99230769230769,
    "69": 52.99230769230769,
    "70": 52.99230769230769,
    "71": 52.99230769230769,
    "72": 52.99230769230769,
    "73": 52.99230769230769,
    "74": 52.99230769230769,
    "75": 0,
    "76": 0,
    "77": 0,
    "78": 0,
    "79": 0,
    "80": 0,
    "81": 0,
    "82": 0,
    "83": 0,
    "84": 0,
    "85": 0,
    "86": 0,
    "87": 0,
    "88": 0,
    "89": 0,
    "90": 0,
    "91": 0,
    "92": 0,
    "93": 0,
    "94": 0,
    "95": 0,
    "96": 0,
    "97": 0,
    "98": 0,
    "99": 0
}